dropoff_borough,avg_time_to_next_fare
Queens,6445.598629568106
,12231.29815016322
Brooklyn,6616.609133858267
Staten Island,13935.0
Manhattan,2081.354313466432
Bronx,4989.473684210527
